{"cameraMode":{"drawMode":0,"name":"Shaded","section":"Shading Mode"},"sceneLighting":false,"audioPlay":false,"sceneViewState":{"m_AlwaysRefresh":false,"showFog":true,"showSkybox":false,"showFlares":true,"showImageEffects":true,"showParticleSystems":true,"showVisualEffectGraphs":true,"m_FxEnabled":true},"in2DMode":false,"pivot":{"x":-3.954747200012207,"y":5.017277240753174,"z":-42.71652603149414},"rotation":{"x":0.5097153186798096,"y":0.012899816036224366,"z":-0.007657353300601244,"w":0.8602559566497803},"size":17.675216674804689,"orthographic":true}