{"cameraMode":{"drawMode":0,"name":"Shaded","section":"Shading Mode"},"sceneLighting":false,"audioPlay":false,"sceneViewState":{"m_AlwaysRefresh":false,"showFog":true,"showSkybox":false,"showFlares":true,"showImageEffects":true,"showParticleSystems":true,"showVisualEffectGraphs":true,"m_FxEnabled":true},"in2DMode":false,"pivot":{"x":-4.074765205383301,"y":1.680272102355957,"z":21.406923294067384},"rotation":{"x":0.29065120220184328,"y":-0.0028721580747514965,"z":0.0008614532416686416,"w":0.9568594098091126},"size":9.370914459228516,"orthographic":false}