{"cameraMode":{"drawMode":0,"name":"Shaded","section":"Shading Mode"},"sceneLighting":false,"audioPlay":false,"sceneViewState":{"m_AlwaysRefresh":false,"showFog":true,"showSkybox":false,"showFlares":true,"showImageEffects":true,"showParticleSystems":true,"showVisualEffectGraphs":true,"m_FxEnabled":true},"in2DMode":false,"pivot":{"x":-0.0006953775882720947,"y":0.9161698818206787,"z":-0.005353093147277832},"rotation":{"x":0.0011020724195986987,"y":-0.9763639569282532,"z":0.21608935296535493,"w":0.004986379761248827},"size":1.2171119451522828,"orthographic":false}