{"cameraMode":{"drawMode":0,"name":"Shaded","section":"Shading Mode"},"sceneLighting":true,"audioPlay":false,"sceneViewState":{"m_AlwaysRefresh":false,"showFog":true,"showSkybox":true,"showFlares":true,"showImageEffects":true,"showParticleSystems":true,"showVisualEffectGraphs":true,"m_FxEnabled":true},"in2DMode":false,"pivot":{"x":-4.860321521759033,"y":-13.06937026977539,"z":10.175837516784668},"rotation":{"x":0.1767650991678238,"y":-0.04722367599606514,"z":0.008492425084114075,"w":0.9831193685531616},"size":20.913105010986329,"orthographic":false}