{"cameraMode":{"drawMode":0,"name":"Shaded","section":"Shading Mode"},"sceneLighting":true,"audioPlay":false,"sceneViewState":{"m_AlwaysRefresh":false,"showFog":true,"showSkybox":true,"showFlares":true,"showImageEffects":true,"showParticleSystems":true,"showVisualEffectGraphs":true,"m_FxEnabled":true},"in2DMode":false,"pivot":{"x":-0.791789174079895,"y":2.834033250808716,"z":2.449441432952881},"rotation":{"x":0.0011020724195986987,"y":-0.9763639569282532,"z":0.21608935296535493,"w":0.004986379761248827},"size":4.908843994140625,"orthographic":false}