{"cameraMode":{"drawMode":0,"name":"Shaded","section":"Shading Mode"},"sceneLighting":true,"audioPlay":false,"sceneViewState":{"m_AlwaysRefresh":false,"showFog":true,"showSkybox":true,"showFlares":true,"showImageEffects":true,"showParticleSystems":true,"showVisualEffectGraphs":true,"m_FxEnabled":true},"in2DMode":false,"pivot":{"x":-15.94793701171875,"y":-16.374876022338868,"z":-0.07122837007045746},"rotation":{"x":0.401519775390625,"y":-0.23341192305088044,"z":0.10660669952630997,"w":0.8792101144790649},"size":19.565658569335939,"orthographic":false}