{"cameraMode":{"drawMode":0,"name":"Shaded","section":"Shading Mode"},"sceneLighting":false,"audioPlay":false,"sceneViewState":{"m_AlwaysRefresh":false,"showFog":true,"showSkybox":false,"showFlares":true,"showImageEffects":true,"showParticleSystems":true,"showVisualEffectGraphs":true,"m_FxEnabled":true},"in2DMode":false,"pivot":{"x":2.3062546253204347,"y":8.919548988342286,"z":18.072336196899415},"rotation":{"x":-0.26923227310180666,"y":0.2857402265071869,"z":-0.08398959040641785,"w":-0.9159032106399536},"size":20.799549102783204,"orthographic":true}