{"cameraMode":{"drawMode":0,"name":"Shaded","section":"Shading Mode"},"sceneLighting":false,"audioPlay":false,"sceneViewState":{"m_AlwaysRefresh":false,"showFog":true,"showSkybox":false,"showFlares":true,"showImageEffects":true,"showParticleSystems":true,"showVisualEffectGraphs":true,"m_FxEnabled":true},"in2DMode":false,"pivot":{"x":-0.008809547871351242,"y":-0.05357980355620384,"z":-0.09419816732406616},"rotation":{"x":-0.24405962228775025,"y":0.05145813152194023,"z":-0.012967400252819062,"w":-0.9683308005332947},"size":0.37486329674720766,"orthographic":false}