{"cameraMode":{"drawMode":0,"name":"Shaded","section":"Shading Mode"},"sceneLighting":false,"audioPlay":false,"sceneViewState":{"m_AlwaysRefresh":false,"showFog":true,"showSkybox":false,"showFlares":true,"showImageEffects":true,"showParticleSystems":true,"showVisualEffectGraphs":true,"m_FxEnabled":true},"in2DMode":false,"pivot":{"x":-7.912627696990967,"y":0.10108006000518799,"z":0.1630612015724182},"rotation":{"x":0.2902536392211914,"y":-0.27885138988494875,"z":0.08884165436029434,"w":0.9111410975456238},"size":9.693355560302735,"orthographic":true}