{"cameraMode":{"drawMode":0,"name":"Shaded","section":"Shading Mode"},"sceneLighting":false,"audioPlay":false,"sceneViewState":{"m_AlwaysRefresh":false,"showFog":true,"showSkybox":false,"showFlares":true,"showImageEffects":true,"showParticleSystems":true,"showVisualEffectGraphs":true,"m_FxEnabled":true},"in2DMode":false,"pivot":{"x":-5.078370571136475,"y":-9.289668083190918,"z":-6.921302318572998},"rotation":{"x":0.7112092971801758,"y":0.014773624017834664,"z":-0.014927087351679802,"w":0.7027218341827393},"size":17.383766174316408,"orthographic":true}