{"cameraMode":{"drawMode":0,"name":"Shaded","section":"Shading Mode"},"sceneLighting":false,"audioPlay":false,"sceneViewState":{"m_AlwaysRefresh":false,"showFog":true,"showSkybox":false,"showFlares":true,"showImageEffects":true,"showParticleSystems":true,"showVisualEffectGraphs":true,"m_FxEnabled":true},"in2DMode":false,"pivot":{"x":-5.854100704193115,"y":6.7828450202941898,"z":-5.7818803787231449},"rotation":{"x":0.28128090500831606,"y":-0.4342822730541229,"z":0.14483684301376344,"w":0.8434303402900696},"size":17.188465118408204,"orthographic":true}